text,
"@RepValDemings @maddogpac Its. By. Design.
They aren't even hiding it anymore",
RT @RepValDemings: The president‚Äôs plan to hold mass rallies in Florida and elsewhere as we experience a resurgence in COVID cases is irres‚Ä¶,
RT @RepValDemings: Tulsa was the site of the worst racist violence in American history. The president‚Äôs speech there on Juneteenth is a mes‚Ä¶,
@RepValDemings Based on what...?,
@RepValDemings You are a moron .. so it‚Äôs alright to have protest and gatherings because to dumb ass people feeling‚Ä¶ https://t.co/ftIwn1TJh8,
@RepValDemings Not does @GovRonDeSantis care.  #racistron only cares about you if you donate to his campaign or if‚Ä¶ https://t.co/i7SKFAcUmR,
"RT @OrlandoPolice: ARRESTED: @OrlandoPolice  arrested today Marcus Deion Brown, 36 years of age. Brown is the suspect from the fatal crash‚Ä¶",
@RepValDemings U should be cheering! Deplorable and the President killing themselves with COVID. Guess ur concerned‚Ä¶ https://t.co/zRNypjSBw2,
@RepValDemings We are just hosting protests.,
"RT @RepValDemings: Unfortunately, Florida is experiencing a new surge in COVID-19 cases. I urge you to do everything you can to protect you‚Ä¶",
"@RepValDemings Dead people cant vote. At least they shouldnt be able to. However, with Trump in charge...who knows?
.",
RT @RepValDemings: The president and the attorney general have a direct responsibility to intervene and put the full weight of the White Ho‚Ä¶,
@RepValDemings You don‚Äôt decide our future.  We do.,
@RepValDemings This is the look of pure Evil https://t.co/xGCNwR5Uoa,
RT @RepValDemings: Today would be a good day for the president to announce a comprehensive national testing plan. https://t.co/YA80uQ5Qbm,
@RepValDemings Tell this crap to the bums in Seattle.,
"RT @RepValDemings: ‚ÄúUnfortunately, we know that foreign actors have historically sought to exploit tensions in American communities‚Ä¶

""we d‚Ä¶",
@RepValDemings Are you serious???? OMG!!!,
RT @RepValDemings: Today would be a good day for the president to announce a comprehensive national testing plan.,
@RepValDemings Riots are safer?  You idiot,
@RepValDemings You're just mad that nobody will be looting or burning buildings after the rally.,
@RepValDemings Are you being serious with me right now?,
@RepValDemings Just change the name. We're going to a Trump Riot. All good now? Where was Fauci during the riots BT‚Ä¶ https://t.co/FC2UzBfOo0,
"@RepValDemings He is inciting violence.  Hopefully, protesters will be peaceful and shame him and his supporters (t‚Ä¶ https://t.co/iJKDQYFshv",
@RepValDemings Murders should be illegal. Armed robbery should be illegal. Sales of illegal narcotics should be ill‚Ä¶ https://t.co/7mHsWGFEaa,
"RT @RepValDemings: In 1966 Dr. King said that ‚Äúof all the forms of inequality, injustice in health is the most shocking and the most inhuma‚Ä¶",
"@RepValDemings Your so very, very ignorant. We don't need communist sympathizers in America . . .please, just leave‚Ä¶ https://t.co/9gcAc7KNTY",
"@RepValDemings They could.... if they weren‚Äôt Satan on earthü•¥
#Biden2020
#FlipItALLBlueüåäüåäüåäüåäüåäüåäüåäüåä",
@RepValDemings This is BAD! And the only way to get rid of what's bad is to vote out what's bad! Starting with this president on down!,
"@RepValDemings Demings. How can you tweet such hypocritical, literal garbage, after supporting thousands of protest‚Ä¶ https://t.co/1CNAyFh8nq",
@RepValDemings I see it as a chance to start a discussion with Black Americans about change for the better.,
@RepValDemings They seem intent on doing the opposite of healing racial injustice,
@RepValDemings Except if you are protesting and rioting.,
"@RepValDemings Black Americans do not need or deserve that kind of message right now, or ever!",
@RepValDemings They seem very capable of pouring gas on the fire though.,
"RT @RepValDemings: As the nation burns, we face a real choice. Build a society for all, or maintain a society for a select few. I know my c‚Ä¶",
@RepValDemings Damn idiot,
@RepValDemings I‚Äôm sure it‚Äôs intended to provoke demonstrations. He will use any demonstration in Tulsa to claim la‚Ä¶ https://t.co/BDxKcbvf7K,
@RepValDemings Who wants to bet Stephen Miller picked the place &amp, date?
"@RepValDemings Relax, they‚Äôre just protesting. CDC said protesting is totally fine. https://t.co/NG2canqJYl",
@RepValDemings Until Joe,
"@RepValDemings Gee, I wonder what sparked that resurgence? Wasn't there a huge nationwide event featuring hundreds‚Ä¶ https://t.co/rlWau0o5ja",
@RepValDemings Another Lib hypocrite.  I couldn‚Äôt find your tweet concerned about the 1000‚Äôs of protesters in Flori‚Ä¶ https://t.co/nYsV1Q0ekk,
@RepValDemings How about the protesters and rioters? Where‚Äôs those tweets? This is just laughable.,
"@RepValDemings That is the job we hired them to do.  If they were employees we could fire immediately,  many of us‚Ä¶ https://t.co/r7tpmvZP6a",
@RepValDemings @tami_klomp Fake news.,
RT @RepValDemings: Chokeholds by law enforcement should be banned nationwide. Our legislation does.,
@RepValDemings Your voice looks hollow when thousands of people were on top of each other in the last few weeks,
@RepValDemings Give it up. Nobody buys this line of bullshit anymore.,
"@RepValDemings Just consider them 'protests,' Val. Problem solved!",
@RepValDemings He does not care about American people.. he has literally proven it over and over again. We need to‚Ä¶ https://t.co/vj0I7eHYPS,
@RepValDemings Val doesn't even know black history https://t.co/OC4nHrrx2k,
@RepValDemings There is no maintaining this. We‚Äôve reached a point of no return. We either fix this shit or the US will burn.,
"@RepValDemings @MuellerSheWrote That seems optimistic.

I‚Äôm concerned it‚Äôll actually be far worse.",
"@RepValDemings He can't have a more comprehensive testing plan because that would cause more cases, and that would foul up his numbers!",
@RepValDemings But mass gatherings for protests are encouraged? #LiberalHack,
@RepValDemings Trying to silence Republica voices is vile and wicked. You have violated your oath of office and sho‚Ä¶ https://t.co/KPo2NjXO5f,
@RepValDemings https://t.co/M9xFQogeQq well well well looks like Covid19 was all a hoax. Carry on with your lives p‚Ä¶ https://t.co/TZpA7jsamK,
@RepValDemings Stupid. @Potus has trolled all of you into the point of exposing how idiotic and biased you are.,
@RepValDemings Riots killed Rona https://t.co/BKa0kFhQYh,
@RepValDemings But it‚Äôs ok to riot and burn buildings down..stfu,
"RT @RepValDemings: Somehow, stunningly, after months to fix the system, Floridians are still being denied their rightfully-owed unemploymen‚Ä¶",
"@RepValDemings Rep Demings : you brought Joe Biden to your district recently, a district that was once a kkk strong‚Ä¶ https://t.co/vCfYhfSks2",
@RepValDemings But your rally is okü§î #DoubleStandard https://t.co/ftqRNKezVB,
@RepValDemings They‚Äôll just call it a protest. Should be ok.,
@RepValDemings Could you do us a favor? Shove it.,
"Thanks #brother radicalrootstattoos for the #great #gift that will never #forget in my #life, it‚Äôs Second day of #tattoo hai guys üòä #hope you all will like #jaguartattoo ‚ù§Ô∏èüôèüèª‚úä #chetanvlogs #orangestudiochetan‚Ä¶ https://t.co/zVm0WvqDGT",
@RepValDemings How about if we just call it a protest.,
@RepValDemings No one believes your BS no more!!!,
"@RepValDemings Yep, all those protesters going home now are gonna pass the Covid to Granny and Grampa https://t.co/DdqwdcmXDq",
@RepValDemings We'll call it a protest...,
@RepValDemings He is working on it Val Demings Your fired!!,
"#TBT
Remembering a moment from the run of Orlando Ballet‚Äôs The Nutcracker when Shawn Hunt actually performed Robin‚Ä¶ https://t.co/mv3XABd8FU",
@RepValDemings Are you serious,
"@RepValDemings You sound like a crazy person.  So, if the liberal socialists want to gather, ‚Äúit‚Äôs their right,‚Äù bu‚Ä¶ https://t.co/UKTN7Z63GK",
"@RepValDemings Just a thought...maybe stay home then? Because it seems to me that if people out ""protesting"" wasn't‚Ä¶ https://t.co/qNMiy62Lsv",
"RT @RepValDemings: Inexcusably, instead of a comprehensive testing plan, the administration has abandoned all leadership and is asking stat‚Ä¶",
"RT @Todd_Scheve: 15 year old Heaven Akins has been #missing from #Orlando, #Florida since May 21, 2020 and may travel to #SouthDaytona or #‚Ä¶",
@RepValDemings Why aren‚Äôt all of you public officials DEMANDING that the CDC/WHO/NIH/Johns Hopkins....release data‚Ä¶ https://t.co/tW7L1JTIUF,
@RepValDemings Hypocrisy in action üîù,
@RepValDemings Thanks üôè Vp https://t.co/HLBY3baHa6,
@RepValDemings is latest in #dumbdem #TrumpDerangementSyndrome she came out publicly against the @realDonaldTrump h‚Ä¶ https://t.co/Hqic3xSzXe,
@RepValDemings I hope you have a prominent position in the Biden Administration!!!!!!,
@RepValDemings Get over it please. We have been duped with this virus. Just like flu. Just wash your hands &amp, saniti‚Ä¶ https://t.co/yFJPnvlMCT
"@RepValDemings But, it was for a really good cause.",
@RepValDemings Too late you encouraged thousands to protest and riot.  This use of COVID scam is over,
"@RepValDemings Get over yourself, racist! These rallies ARE GOING TO HAPPEN  and the President, who you tried so ha‚Ä¶ https://t.co/2gwqctv6Bl",
"@RepValDemings Rep Lemmings...definitely have to rename this one.  I bet you loved those ""protests"" though.",
@RepValDemings Cases mean nothing if there is a 99.9% recovery rate.,
@RepValDemings You are talking like a real tool.,
@RepValDemings Very on-brand for Trump.,
@RepValDemings You don‚Äôt get to say this is irresponsible and selfish when no one made a peep about Corona when it came to massive protests,
@RepValDemings You aren't allowed to talk about this after allowing major American cities to fall to anarchists.,
@RepValDemings While these gatherings were ok ?? ü§î https://t.co/LW66haTMiW,
"@RepValDemings ""Rallies for me but not for thee""",
@RepValDemings Irresponsible and selfish.  Sounds like a truth-in-packaging campaign slogan for @realDonaldTrump.,
@RepValDemings But massive protests are fine,
@RepValDemings He‚Äôs an irresponsible and selfish man.,
@RepValDemings It‚Äôs only ok if it fits your agenda?,
@RepValDemings Just shut up. It‚Äôs over.,
@RepValDemings It‚Äôs called freedom.,
"@RepValDemings Save yourself

Head back to DC and report for duty in Congress if it's unsafe in FLA

Ask Gran Nan to bring the üç®üç®üç®üç®üç®üç®

Büí•üí•M",
@RepValDemings @BradleyWhitford He Fleeced the country out of $500B.  Georgia voters stood for 13hrs Tues.Mail in b‚Ä¶ https://t.co/uvJo126Pwh,
"@RepValDemings But you‚Äôre ok with the protesters, rioters , and looters, right?",
"@RepValDemings Of course!  Rioters and looters are immune to Covid even when sharing rocks, bricks, and touching co‚Ä¶ https://t.co/MDZGe8dTMQ",
@RepValDemings Is it okay if I go to a Trump rally to riot?,
"RT @OCCC: üçä Today, the OCCC presented its Recovery and Resiliency Plan to @OrangeCoFL Economic Recovery Task Force. Following a three prong‚Ä¶",
@RepValDemings Okay hypocrite.,
@RepValDemings @nelson_luanne Clear as can be.,
@RepValDemings If Covid- 19 is so dangerous...why would you be so worried...the Republicans May lose some votes when they get so sick.,
@RepValDemings Where is your quote telling rioters to go home it is not save? Produce it or sit down.,
@RepValDemings You got that right https://t.co/jbqFPxop13,
@RepValDemings Scared much?,
@RepValDemings Shut up,
@RepValDemings You are a special case of stupid if you think riots are ok but rallies are not. We see through your idiotic schemes.,
@RepValDemings Thanks to who?   Could this be the rioters?   or they did not riot long enough so now you need this back.,
@RepValDemings What a hypocrite!!! We‚Äôll just call it a protest... feel better?,
"@RepValDemings This is a fun game....Looting, burning down cities, and mass protests as well experience a pandemic‚Ä¶ https://t.co/QHJ8pOqqF5",
@RepValDemings Your a racist and a lying idiot!,
"@RepValDemings Start by addressing the black-on-black crime in ""your communities"" which killed more black people th‚Ä¶ https://t.co/iqQXhYfJLS",
"@RepValDemings Oh well, it wasn't yesterday so don't think your little
  double talk will stop the rallies, they'll‚Ä¶ https://t.co/u5LFrpEYU4",
@RepValDemings You‚Äôll be alright... did you express this concern over #GeorgeFloyd protests/riots?  You would at le‚Ä¶ https://t.co/gd2TTJC5u3,
